key,zh,et,en,ja,FR,RU,SV,es,ko
test,测试,測試,test,テスト,Test,тест,testet,Prueba,시험
windows,windows,windows,windows,窓,fenêtres,окна,fönster,ventanas,창문들
wasd或上下左右 控制人物移动,wasd或上下左右 控制人物移动,wasd或上下左右 控制人物移動,Wasd or up and down around the control characters move,制御文字の周りを上下に動かす,Wasd ou de haut en bas autour des caractères de contrôle se déplacent,Выровнено или вверх или вниз вокруг управляющих символов,Washd eller upp och ner runt kontrolltecken flyttar,Wasd o arriba y abajo alrededor de los personajes de control se mueven,제어 문자 주위로 움직이거나 위아래로 움직입니다.
shift,shift快跑,shift,Shift run,シフト実行,Décaler,Сдвиг переключения,Shift-körning,Shift run,시프트 실행
i,i显示或关闭属性栏,i顯示或關閉屬性欄,i Display or close the property bar,iプロパティバーを表示または閉じる,Afficher ou fermer la barre de propriétés,i Отображение или закрытие панели свойств,Jag visar eller stänger fastighetsfältet,Mostrar o cerrar la barra de propiedades,i 속성 막대를 표시하거나 닫습니다
esc,esc调出设置栏,esc調出設置欄,esc call settings bar,Escコール設定バー,barre des paramètres d'appel esc,панель настроек вызова esc,esc callinställningsfältet,barra de configuraciones de llamada esc,esc 통화 설정 표시 줄
game help,游戏说明:,遊戲說明:,game instructions:,ゲームの説明：,Description du jeu:,Описание игры:,Spelbeskrivning:,Descripción del juego:,게임 설명 :
game help1,前期攒钱买一点防御  然后刷蓝色史莱姆,前期攢錢買一點防禦 然後刷藍色史萊姆,Early save money to buy a little defense and then brush the blue slime,早期に少額の防衛を購入し、青色の粘液を磨くお金を節約,"Au début économiser de l'argent pour acheter un peu de défense, puis brossez la boue bleue","Раньше экономить деньги, чтобы купить небольшую защиту, а затем очистить синюю слизь",Börja spara pengar för att köpa lite försvar och borsta sedan den blå slemmen,Temprano ahorrar dinero para comprar una pequeña defensa y luego cepillar la baba azul,조기에 돈을 벌어 약간의 방어력을 구입하고 푸른 점액질을 닦으십시오.
game help2,自动刷怪时 无法购买新怪物,自動刷怪時 無法購買新怪物,Can not buy a new monster when auto-brushing,自動ブラッシング時に新しいモンスターを買うことはできません,Impossible d'acheter un nouveau monstre lors du brossage automatique,Невозможно купить нового монстра при автоматической чистке,Kan inte köpa ett nytt monster när auto borstning,No se puede comprar un nuevo monstruo cuando se cepilla automáticamente,자동 브러싱을 할 때 새로운 몬스터를 구입할 수 없습니다.
game help3,自动刷怪时 怪物死亡自动购买,自動刷怪時 怪物死亡自動購買,Monster automatically mobs the death of the automatic purchase,モンスターは自動的に自動購入の死mobs,Monster mobs automatiquement la mort de l'achat automatique,Monster автоматически блокирует смерть автоматической покупки,Monster mobbar automatiskt döden av det automatiska inköpet,Monster mata automáticamente la muerte de la compra automática,몬스터가 자동으로 mobs 죽음의 자동 구매
是否要挑战boss,是否要挑战boss,是否要挑戰boss,Whether to challenge the boss,ボスに挑戦するかどうか,Que ce soit pour défier le patron,Ли бросать вызов боссу,Vare sig att utmana chefen,Ya sea para desafiar al jefe,보스에게 도전할지 여부
一但挑战无法取消,一但挑战无法取消,一但挑戰無法取消,Once the challenge can not be canceled,一度チャレンジをキャンセルできない場合,Une fois le défi ne peut être annulé,Как только вызов не может быть отменен,En gång kan utmaningen inte avbrytas,Una vez que el desafío no puede ser cancelado,챌린지를 취소 할 수 없으면
请备留一些金钱,请备留一些金钱,請備留一些金錢,Please keep some money,お金を貯めてください,S'il vous plaît garder de l'argent,"Пожалуйста, держите деньги",Vänligen spara lite pengar,"Por favor, guarda algo de dinero",돈 좀주세요.
以防死档,以防死档,以防死檔,To prevent the file,ファイルを防止するには,Pour empêcher le fichier,Чтобы предотвратить файл,För att förhindra filen,Para evitar el archivo,파일을 방지하려면
you kill slime boss,你击败了史莱姆麻麻,你擊敗了史萊姆麻麻,You beat slime hemp,あなたは粘液の麻を打ちました,Vous battez le slime chanvre,Вы избиваете слизь коноплю,Du slår slamp hampa,Usted derrota cáñamo limo,너는 점액 마를 때렸다.
this area to rule you,这片区域以归你统治,這片區域以歸你統治,This area to rule you,あなたを支配するこのエリア,Cette zone pour vous gouverner,"Эта область, чтобы править вами",Detta område att styra dig,Esta área para gobernar,너를 지배 할이 구역
you can keep playing,你可以继续玩,你可以繼續玩,You can keep playing,あなたは遊ぶことができます,Vous pouvez continuer à jouer,Вы можете продолжать играть,Du kan fortsätta spela,Puedes seguir jugando,계속 놀 수 있어요.
can also add group ,也可以加群讨论,也可以加群討論,Can also add group discussion,グループディスカッションを追加することもできます,Peut également ajouter une discussion de groupe,Можно также добавить групповое обсуждение,Kan också lägga till gruppdiskussion,También puede agregar discusión en grupo,그룹 토론을 추가 할 수도 있습니다.
start page is detailed,首页说明有详细,首頁說明有詳細,Home page is detailed,ホームページは詳細です,La page d'accueil est détaillée,Домашняя страница подробно,Hemsidan är detaljerad,La página de inicio está detallada,홈페이지 세부 사항
thank you for playing,感谢您能玩到这--kylaCpp,感謝您能玩到這--kylaCpp,Thank you for playing this --kylaCpp,これをプレーしていただきありがとうございます--kylaCpp,Merci d'avoir joué ce --kylaCpp,"Спасибо, что вы играли в эту игру --kylaCpp",Tack för att du spelade detta - kylaCpp,Gracias por jugar esto --kylaCpp,이걸 주셔서 감사합니다 - kylaCpp
information,information,information,information,情報,information,информация,Information,información,정보
lv,等级：,等級：,grade:,レベル：,Niveau:,Уровень:,nivå:,Nivel:,레벨 :
atk,攻击：,攻擊：,attack:,攻撃：,Attaque,Атака:,attack:,Ataque:,공격 :
def,护甲：,護甲：,Armor:,鎧：,Armure:,Броня:,Armor:,Armadura:,갑옷 :
hp,血上限：,hp,Blood limit:,血液の限界：,Limite de sang:,Лимит крови:,Blodgräns:,Límite de sangre:,혈액형 :
next,下一级：,下一級：,next level:,次のレベル：,Niveau suivant:,Следующий уровень:,Nästa nivå:,Siguiente nivel:,다음 수준 :
expe,经验：,經驗：,experience:,経験：,Expérience:,Опыт работы:,erfarenhet:,Experiencia:,경험 :
money,金钱：,金錢：,money:,お金：,Argent,деньги:,pengar:,Dinero:,돈 :
num,刷怪数：,刷怪數：,Brush strange number:,ブラシ奇妙な番号：,Brosse numéro étrange:,Кисть странное число:,Borsta konstigt nummer:,Pincel extraño número:,이상한 번호로 붓는다.
hp limit,血上限,hp limit,Blood limit,血圧,Limite de sang,Лимит крови,Blodgräns,Límite de sangre,혈액 한도
shop,shop,shop,shop,ショップ,Boutique,магазин,butik,comprar,가게
build monster,刷怪,build monster,Brush strange,奇妙なブラシ,Brosse étrange,Кисть странная,Borsta konstigt,Cepillo extraño,이상한 브러쉬
property shop,属性商店,屬性商店,Property Store,プロパティストア,Magasin de propriété,Магазин недвижимости,Fastighetsaffär,Tienda de propiedad,부동산 스토어
groceries shop,杂货店,雜貨店,grocery store,食料品店,Épicerie,Продуктовый магазин,Livsmedelsbutik,Tienda de comestibles,식료품 점
build blue slime,刷蓝色史莱姆,刷藍色史萊姆,Brush blue slime,ブラシブルースライム,Brosse bleu slime,Кисть синяя слизь,Borsta blå slem,Cepillo baba azul,푸른 점액 브러시
build red slime,刷红色史莱姆,刷紅色史萊姆,Brush red slime,ブラシ赤スライム,Pinceau rouge slime,Кисть красная слизь,Borsta röd slem,Cepillo de baba roja,빨간색 점액 브러시
build green slime,刷绿色史莱姆,刷綠色史萊姆,Brush green slime,ブラシグリーンスライム,Brosse vert slime,Щебень зеленый,Borsta grön slem,Cepillar limo verde,녹색 점액 브러쉬
atk+1,攻击+1,攻擊+1,Attack +1,攻撃+1,Attaque +1,Атака +1,Attack +1,Ataque +1,공격 +1
def+1,防御+1,防禦+1,Defense +1,防衛+1,Défense +1,Защита +1,Försvar +1,Defensa +1,방어 +1
hp limit+1,血上限+1,hp limit+1,Blood limit +1,血の限界+1,Limite de sang +1,Лимит крови +1,Blodgräns +1,Límite de sangre +1,혈액 한도 +1
lv up,升一级,升一級,Up one level,1レベルアップ,Jusqu'à un niveau,На один уровень,Upp en nivå,Subir un nivel,1 레벨 올리기
potion,药水,藥水,Potion,ポーション,Potion,решение,lösning,Poción,물약
restore,恢复,恢復,restore,回復する,Récupérer,восстановление,återhämtning,Recuperar,복구
potion1 restore 10hp,药水1  回复10hp,藥水1 回复10hp,Potion 1 reply 10hp,ポーション1回返信10hp,Potion 1 réponse 10hp,Зелье 1 ответ 10hp,Potion 1 svar 10hp,Potion 1 respuesta 10 hp,묘약 1 답장 10hp
potion2 restore 22hp,藥水2 回复22hp,potion2 restore 22hp,Potion 2 replies 22hp,ポーション2は22時間22分返答,Potion 2 réponses 22hp,Зелье 2 ответов 22hp,Potion 2 svar 22hp,Poción 2 respuestas 22hp,물약 2는 22hp 답장을한다.
potion3 restore 35hp,藥水3 回复35hp,potion3 restore 35hp,Potion 3 replies 35hp,ポーション3は35hpの返信,Potion 3 réponses 35hp,Зелье 3 ответов 35hp,Potion 3 svar 35hp,Potion 3 respuestas 35hp,물약 3 답장 35hp
monster,monster,monster,monster,モンスター,monstre,монстр,monster,monstruo,괴물
blue slime,蓝色史莱姆,藍色史萊姆,Blue slime,ブルースライム,Slime bleu,Голубая слизь,Blå slem,Baba azul,푸른 점액
red slime,红色史莱姆,紅色史萊姆,Red slime,赤色の粘液,Slime rouge,Красная слизь,Röd slem,Baba roja,빨간 점액
green slime,绿色史莱姆,綠色史萊姆,Green slime,グリーンスライム,Boue verte,Зеленая слизь,Grön slime,Baba verde,녹색 점액
blue slime(wild),蓝色史莱姆(野生),藍色史萊姆(野生),Blue slime (wild),ブルースライム（野生）,Bave bleue (sauvage),Голубая слизь (дикая),Blå slime (vild),Baba azul (salvaje),푸른 점액 (야생)
red slime(wild),红色史莱姆(野生),紅色史萊姆(野生),Red slime (wild),赤色の粘液（野生）,Boue rouge (sauvage),Красный слизь (дикий),Röd slime (vild),Baba roja (salvaje),붉은 점액 (야생)
green slime(wild),绿色史莱姆(野生),綠色史萊姆(野生),Green slime (wild),緑色の粘液（野生）,Boue verte (sauvage),Зеленый слизь (дикий),Grön slime (vild),Limo verde (salvaje),녹색 점액 (야생)
slime monther,史莱姆麻麻,史萊姆麻麻,Slime hemp,スライムヘンプ,Slime chanvre,Слизь конопля,Slime hampa,Cáñamo de limo,점액 대마
msg,msg,msg,msg,msg,msg,тзд,msg,msg,msg
weak state.can not atk.buy potion,处于虚弱状态.无法攻击.请购买血瓶,處於虛弱狀態.無法攻擊.請購買血瓶,In a weak state. Can not attack. Please buy a blood bottle,弱い状態です。攻撃できません。血液瓶を購入してください,"En état de faiblesse, impossible d'attaquer, achetez une bouteille de sang",В слабом состоянии. Нельзя атаковать.,I svagt tillstånd. Kan inte attackera. Vänligen köp en blodflaska,En un estado débil. No puede atacar. Compre una botella de sangre,약한 상태에서 공격 할 수 없습니다. 혈액 병을 사주세요.
not enough money,钱不够,錢不夠,Not enough money,お金が足りません,Pas assez d'argent,Недостаточно денег,Inte tillräckligt med pengar,No hay suficiente dinero,돈이 충분하지 않다.
spend,花费了,花費了,Spent,消費された,Dépensé,потраченный,bringade,Gastado,지출
buy,购买了,購買了,Bought,買った,Acheté,купленный,köpt,Comprado,샀다
seven seconds of hp,每7秒钟回一滴血,每7秒鐘回一滴血,Take a drop of blood every seven seconds,7秒ごとに血を流す,Prenez une goutte de sang toutes les sept secondes,Возьмите каплю крови каждые семь секунд,Ta en droppe blod var sjunde sekund,Tome una gota de sangre cada siete segundos,7 초마다 피를 흘려 라.
lv up_,升级了,升級了,Upgraded,アップグレード済み,Mis à jour,Модернизированный,Uppgraderad,Actualizado,업그레이드 됨
hp limit increased 3.atk increased 0.5,血上限提升3，攻击提升0.5,血上限提升3，攻擊提升0.5,"Blood limit increased 3, attack increased by 0.5",血の限界は3増加し、攻撃は0.5増加した,"Limite de sang augmentée de 3, attaque augmentée de 0,5","Лимит крови увеличился на 3, атака увеличилась на 0,5","Blodgränsen ökade 3, attack ökade med 0,5","El límite de sangre aumentó 3, el ataque aumentó en 0.5",혈액 제한이 3 증가하고 공격이 0.5 증가했습니다.
build,生成,build,generate,生成された,Généré,генерировать,generera,Generado,생성 된
hurt,伤害,傷害,hurt,傷つける,Mal,Hurt,Hurt,Lastimado,상처
hp,血量,hp,Blood volume,血液量,Volume de sang,Объем крови,Blodvolym,Volumen de sangre,혈액량
kill,击杀,擊殺,Kill,殺す,Tuer,убить,döda,Matar,죽이다
get money,获得钱,獲得錢,Get money,お金を得る,Obtenez de l'argent,Получить деньги,Få pengar,Obtener dinero,돈 벌기
get expe,获得经验,獲得經驗,get experience,経験を得る,Gagner de l'expérience,Получите опыт,Få erfarenhet,Gane experiencia,경험하기
pass the,通过第,通過第,Passing the first,最初のものに合格する,Passer le premier,Передача первого,Passerar den första,Pasando el primero,첫 번째 전달
You kneel!,你跪了！！,你跪了！ ,You kneel! ,あなたはひざまずいている！ ,Vous vous agenouillez! ,Вы становитесь на колени! ,Du knäböjer! ,¡Te arrodillas! ,너 무릎 꿇어! 
received,受到,received,Received,受け取った,Reçu,вытерпеть,lida,Recibido,받은
welcome back,欢迎回来：,歡迎回來：,Welcome back:,ようこそ：,Bienvenue à nouveau,С возвращением:,Välkommen tillbaka:,Bienvenido de nuevo,다시 오신 것을 환영합니다.
passed,过去了,過去了,Passed,合格,Passé,позже,senare,Pasado,합격
whether to start the,是否开始第,是否開始第,Whether to start the first,最初に開始するかどうか,Que ce soit pour commencer le premier,Чтобы начать первый,Om du vill starta den första,Ya sea para comenzar el primer,첫 번째 시작 여부
enter the night outside,请在外面进入夜晚,請在外面進入夜晚,Please enter the night outside,外に夜を入力してください,S'il vous plaît entrer la nuit à l'extérieur,"Пожалуйста, введите ночь снаружи",Vänligen skriv in natten utanför,Por favor ingrese la noche afuera,밖에서 밤을 입력하십시오.
ui,ui,ui,ui,UI,ui,щ,ui,ui,우리
auto hurt,自动攻击,自動攻擊,Automatic attack,自動攻撃,Attaque automatique,Автоматическая атака,Automatisk attack,Ataque automático,자동 공격
auto monster,自动刷怪,自動刷怪,Automatic brush strange,自動ブラシ奇妙,Brosse automatique étrange,Автоматическая кисть странная,Automatisk borste konstig,Cepillo automático extraño,이상한 자동 브러시
sure,确定,確定,determine,OK,OK,определить,Bestäm,OK,확인
cancel,取消,cancel,cancel,キャンセル,Annuler,отменен,Inställd,Cancelar,취소
app,应用,應用,application,アプリケーション,Application,приложение,ansökan,Solicitud,신청서
return,返回,return,return,戻る,Retour,возвращение,Return,Regreso,돌아 가기
close,关闭,關閉,shut down,閉じる,Fermer,близко,stänga,Cerrar,닫기
save,保存,save,save,保存する,Sauvegarder,Сохранить,Spara,Guardar,저장
cover,覆盖,覆蓋,cover,カバー,Couverture,покрытие,täcker,Cubrir,표지
load,加载,加載,load,負荷,Charge,нагрузка,Load,Carga,로드
music,音乐：,音樂：,music:,音楽：,Musique:,Музыка:,musik:,Música:,음악 :
music effect,音效：,music effect,Sound effects:,サウンドエフェクト：,Effets sonores:,Звуковые эффекты:,Ljudeffekter:,Efectos de sonido:,음향 효과 :
language,语言：,語言：,Language:,言語：,Langue:,Язык:,språk:,Idioma:,언어 :
start,开始,開始,Start,スタート,Début,начать,börja,Comenzar,시작
set,设置,設置,Set,セット,Définir,устанавливать,Ställ in,Establecer,세트
help,说明,說明,Description,説明,Description,объяснение,förklaring,Descripción,설명
donate author,捐助作者,donate author,Donate author,著者に寄付する,Faire un don d'auteur,Пожертвовать автору,Donera författare,Donar autor,저자 기부
donate list,捐助名单,捐助名單,Donor list,寄付者リスト,Liste des donateurs,Список доноров,Donorlista,Lista de donantes,기부자 명단
enter name,输入想要的名字,輸入想要的名字,Enter the name you want,あなたが望む名前を入力してください,Entrez le nom que vous voulez,"Введите имя, которое вы хотите",Ange det namn du vill ha,Ingrese el nombre que desea,원하는 이름을 입력하십시오.
be prepared,已做好准备,已做好準備,Ready,準備完了,Prêt,готовый,färdig,Listo,준비
consider again,再考虑考虑,再考慮考慮,Consider again,もう一度考える,Considérez encore,Рассмотрим снова,Tänk på igen,Considera de nuevo,다시 고려해보십시오.
exit to start,退出到开始页面,退出到開始頁面,Exit to the start page,開始ページに戻る,Quitter la page de démarrage,Выход на стартовую страницу,Avsluta till startsidan,Salir a la página de inicio,시작 페이지로 종료
time,时间:,時間:,time:,時間：,Temps:,Время:,tid:,Tiempo:,시간 :
name,名字:,name,first name:,名前：,Nom:,Имя:,namn:,Nombre:,이름 :
do not leave the game while saving,正在保存中请勿退出游戏,正在保存中請勿退出遊戲,Do not leave the game while saving,保存中にゲームを離れないでください,Ne quittez pas le jeu pendant l'enregistrement,Не оставляйте игру при сохранении,Lämna inte spelet medan du sparar,No dejes el juego mientras guardas,저장하는 동안 게임을 나가지 마십시오.
saved,保存完毕,保存完畢,Saved,保存された,Enregistré,Были сохранены,sparats,Guardado,저장 됨
noon,中午,noon,noon,正午,Midi,полдень,Noon,Mediodía,정오
afternoon,下午,afternoon,in the afternoon,午後,Après-midi,после полудня,eftermiddag,Tarde,오후
morning,上午,morning,morning,朝,Matin,утро,morgon,Mañana,아침
clear,清空,clear,Emptied,空になった,Vidé,ясно,Clear,Vaciado,비워진
the,第,the,No.,いいえ。,Non,первый,den första,No.,아니.
night,夜,night,night,night,Nuit,ночь,natt,Noche,밤
